video_name,tag,movie,shot
/home/app/src/data/shot-type-dataset/trailer_v2/tt1376168/shot_0034.mp4,Pull,tt1376168,0034
/home/app/src/data/shot-type-dataset/trailer_v2/tt1828968/shot_0050.mp4,Push,tt1828968,0050
/home/app/src/data/shot-type-dataset/trailer_v2/tt0108289/shot_0022.mp4,Push,tt0108289,0022
/home/app/src/data/shot-type-dataset/trailer_v2/tt0108289/shot_0042.mp4,Push,tt0108289,0042
/home/app/src/data/shot-type-dataset/trailer_v2/tt2349952/shot_0053.mp4,Pull,tt2349952,0053
/home/app/src/data/shot-type-dataset/trailer_v2/tt0069768/shot_0011.mp4,Pull,tt0069768,0011
/home/app/src/data/shot-type-dataset/trailer_v2/tt0063172/shot_0036.mp4,Pull,tt0063172,0036
/home/app/src/data/shot-type-dataset/trailer_v2/tt0080717/shot_0072.mp4,Pull,tt0080717,0072
/home/app/src/data/shot-type-dataset/trailer_v2/tt0173369/shot_0135.mp4,Push,tt0173369,0135
/home/app/src/data/shot-type-dataset/trailer_v2/tt1461432/shot_0049.mp4,Pull,tt1461432,0049
/home/app/src/data/shot-type-dataset/trailer_v2/tt4175088/shot_0054.mp4,Push,tt4175088,0054
/home/app/src/data/shot-type-dataset/trailer_v2/tt1327618/shot_0004.mp4,Pull,tt1327618,0004
/home/app/src/data/shot-type-dataset/trailer_v2/tt1619030/shot_0039.mp4,Pull,tt1619030,0039
/home/app/src/data/shot-type-dataset/trailer_v2/tt1592855/shot_0044.mp4,Pull,tt1592855,0044
/home/app/src/data/shot-type-dataset/trailer_v2/tt1756447/shot_0018.mp4,Pull,tt1756447,0018
/home/app/src/data/shot-type-dataset/trailer_v2/tt1560969/shot_0074.mp4,Pull,tt1560969,0074
/home/app/src/data/shot-type-dataset/trailer_v2/tt2006810/shot_0023.mp4,Pull,tt2006810,0023
/home/app/src/data/shot-type-dataset/trailer_v2/tt6039872/shot_0043.mp4,Pull,tt6039872,0043
/home/app/src/data/shot-type-dataset/trailer_v2/tt3312830/shot_0038.mp4,Pull,tt3312830,0038
/home/app/src/data/shot-type-dataset/trailer_v2/tt5980232/shot_0069.mp4,Pull,tt5980232,0069
/home/app/src/data/shot-type-dataset/trailer_v2/tt3695114/shot_0013.mp4,Pull,tt3695114,0013
/home/app/src/data/shot-type-dataset/trailer_v2/tt3695114/shot_0018.mp4,Pull,tt3695114,0018
/home/app/src/data/shot-type-dataset/trailer_v2/tt0047673/shot_0004.mp4,Pull,tt0047673,0004
/home/app/src/data/shot-type-dataset/trailer_v2/tt0348210/shot_0069.mp4,Pull,tt0348210,0069
/home/app/src/data/shot-type-dataset/trailer_v2/tt0348210/shot_0091.mp4,Pull,tt0348210,0091
/home/app/src/data/shot-type-dataset/trailer_v2/tt0348210/shot_0100.mp4,Pull,tt0348210,0100
/home/app/src/data/shot-type-dataset/trailer_v2/tt2544074/shot_0004.mp4,Pull,tt2544074,0004
/home/app/src/data/shot-type-dataset/trailer_v2/tt1823684/shot_0034.mp4,Pull,tt1823684,0034
/home/app/src/data/shot-type-dataset/trailer_v2/tt2425852/shot_0026.mp4,Pull,tt2425852,0026
/home/app/src/data/shot-type-dataset/trailer_v2/tt2296809/shot_0085.mp4,Pull,tt2296809,0085
/home/app/src/data/shot-type-dataset/trailer_v2/tt5141494/shot_0063.mp4,Pull,tt5141494,0063
/home/app/src/data/shot-type-dataset/trailer_v2/tt5141494/shot_0065.mp4,Pull,tt5141494,0065
/home/app/src/data/shot-type-dataset/trailer_v2/tt3109072/shot_0034.mp4,Pull,tt3109072,0034
/home/app/src/data/shot-type-dataset/trailer_v2/tt2578608/shot_0017.mp4,Pull,tt2578608,0017
/home/app/src/data/shot-type-dataset/trailer_v2/tt1054631/shot_0044.mp4,Pull,tt1054631,0044
/home/app/src/data/shot-type-dataset/trailer_v2/tt1860213/shot_0088.mp4,Pull,tt1860213,0088
/home/app/src/data/shot-type-dataset/trailer_v2/tt3475058/shot_0004.mp4,Pull,tt3475058,0004
/home/app/src/data/shot-type-dataset/trailer_v2/tt2078727/shot_0048.mp4,Pull,tt2078727,0048
/home/app/src/data/shot-type-dataset/trailer_v2/tt2239034/shot_0010.mp4,Pull,tt2239034,0010
/home/app/src/data/shot-type-dataset/trailer_v2/tt2239034/shot_0034.mp4,Pull,tt2239034,0034
/home/app/src/data/shot-type-dataset/trailer_v2/tt2274248/shot_0054.mp4,Pull,tt2274248,0054
/home/app/src/data/shot-type-dataset/trailer_v2/tt1941498/shot_0017.mp4,Pull,tt1941498,0017
/home/app/src/data/shot-type-dataset/trailer_v2/tt3458220/shot_0010.mp4,Pull,tt3458220,0010
/home/app/src/data/shot-type-dataset/trailer_v2/tt0277910/shot_0066.mp4,Pull,tt0277910,0066
/home/app/src/data/shot-type-dataset/trailer_v2/tt0277910/shot_0119.mp4,Pull,tt0277910,0119
/home/app/src/data/shot-type-dataset/trailer_v2/tt3057638/shot_0014.mp4,Push,tt3057638,0014
/home/app/src/data/shot-type-dataset/trailer_v2/tt3057638/shot_0016.mp4,Push,tt3057638,0016
/home/app/src/data/shot-type-dataset/trailer_v2/tt1559038/shot_0039.mp4,Pull,tt1559038,0039
/home/app/src/data/shot-type-dataset/trailer_v2/tt3003620/shot_0017.mp4,Pull,tt3003620,0017
/home/app/src/data/shot-type-dataset/trailer_v2/tt0116447/shot_0025.mp4,Push,tt0116447,0025
/home/app/src/data/shot-type-dataset/trailer_v2/tt1582196/shot_0106.mp4,Pull,tt1582196,0106
/home/app/src/data/shot-type-dataset/trailer_v2/tt4886338/shot_0024.mp4,Pull,tt4886338,0024
/home/app/src/data/shot-type-dataset/trailer_v2/tt0431197/shot_0039.mp4,Pull,tt0431197,0039
/home/app/src/data/shot-type-dataset/trailer_v2/tt0068655/shot_0015.mp4,Pull,tt0068655,0015
/home/app/src/data/shot-type-dataset/trailer_v2/tt2101347/shot_0020.mp4,Pull,tt2101347,0020
/home/app/src/data/shot-type-dataset/trailer_v2/tt3544008/shot_0061.mp4,Pull,tt3544008,0061
/home/app/src/data/shot-type-dataset/trailer_v2/tt1629439/shot_0044.mp4,Pull,tt1629439,0044
/home/app/src/data/shot-type-dataset/trailer_v2/tt0071615/shot_0028.mp4,Pull,tt0071615,0028
/home/app/src/data/shot-type-dataset/trailer_v2/tt0071615/shot_0048.mp4,Pull,tt0071615,0048
/home/app/src/data/shot-type-dataset/trailer_v2/tt4572820/shot_0032.mp4,Pull,tt4572820,0032
/home/app/src/data/shot-type-dataset/trailer_v2/tt0408476/shot_0057.mp4,Pull,tt0408476,0057
/home/app/src/data/shot-type-dataset/trailer_v2/tt2552296/shot_0022.mp4,Pull,tt2552296,0022
/home/app/src/data/shot-type-dataset/trailer_v2/tt2281365/shot_0074.mp4,Pull,tt2281365,0074
/home/app/src/data/shot-type-dataset/trailer_v2/tt1784365/shot_0002.mp4,Pull,tt1784365,0002
/home/app/src/data/shot-type-dataset/trailer_v2/tt3954660/shot_0006.mp4,Pull,tt3954660,0006
/home/app/src/data/shot-type-dataset/trailer_v2/tt2283748/shot_0076.mp4,Pull,tt2283748,0076
/home/app/src/data/shot-type-dataset/trailer_v2/tt3784160/shot_0017.mp4,Pull,tt3784160,0017
/home/app/src/data/shot-type-dataset/trailer_v2/tt3465186/shot_0027.mp4,Pull,tt3465186,0027
/home/app/src/data/shot-type-dataset/trailer_v2/tt0087843/shot_0017.mp4,Push,tt0087843,0017
/home/app/src/data/shot-type-dataset/trailer_v2/tt4339760/shot_0024.mp4,Pull,tt4339760,0024
/home/app/src/data/shot-type-dataset/trailer_v2/tt5967998/shot_0034.mp4,Pull,tt5967998,0034
/home/app/src/data/shot-type-dataset/trailer_v2/tt1674776/shot_0024.mp4,Pull,tt1674776,0024
/home/app/src/data/shot-type-dataset/trailer_v2/tt0064755/shot_0009.mp4,Pull,tt0064755,0009
/home/app/src/data/shot-type-dataset/trailer_v2/tt0314166/shot_0042.mp4,Pull,tt0314166,0042
/home/app/src/data/shot-type-dataset/trailer_v2/tt0064860/shot_0061.mp4,Pull,tt0064860,0061
/home/app/src/data/shot-type-dataset/trailer_v2/tt2342342/shot_0026.mp4,Push,tt2342342,0026
/home/app/src/data/shot-type-dataset/trailer_v2/tt3989726/shot_0007.mp4,Pull,tt3989726,0007
/home/app/src/data/shot-type-dataset/trailer_v2/tt3717242/shot_0045.mp4,Pull,tt3717242,0045
/home/app/src/data/shot-type-dataset/trailer_v2/tt5777700/shot_0017.mp4,Pull,tt5777700,0017
/home/app/src/data/shot-type-dataset/trailer_v2/tt2464822/shot_0037.mp4,Pull,tt2464822,0037
/home/app/src/data/shot-type-dataset/trailer_v2/tt1412459/shot_0042.mp4,Push,tt1412459,0042
/home/app/src/data/shot-type-dataset/trailer_v2/tt1412459/shot_0043.mp4,Push,tt1412459,0043
/home/app/src/data/shot-type-dataset/trailer_v2/tt1412459/shot_0100.mp4,Push,tt1412459,0100
/home/app/src/data/shot-type-dataset/trailer_v2/tt1669566/shot_0010.mp4,Pull,tt1669566,0010
/home/app/src/data/shot-type-dataset/trailer_v2/tt0119472/shot_0068.mp4,Push,tt0119472,0068
/home/app/src/data/shot-type-dataset/trailer_v2/tt0119472/shot_0072.mp4,Push,tt0119472,0072
/home/app/src/data/shot-type-dataset/trailer_v2/tt3604944/shot_0015.mp4,Pull,tt3604944,0015
/home/app/src/data/shot-type-dataset/trailer_v2/tt2386327/shot_0013.mp4,Push,tt2386327,0013
/home/app/src/data/shot-type-dataset/trailer_v2/tt5111790/shot_0036.mp4,Pull,tt5111790,0036
/home/app/src/data/shot-type-dataset/trailer_v2/tt0073000/shot_0003.mp4,Pull,tt0073000,0003
/home/app/src/data/shot-type-dataset/trailer_v2/tt1579361/shot_0019.mp4,Pull,tt1579361,0019
/home/app/src/data/shot-type-dataset/trailer_v2/tt4304450/shot_0008.mp4,Pull,tt4304450,0008
/home/app/src/data/shot-type-dataset/trailer_v2/tt2088865/shot_0012.mp4,Push,tt2088865,0012
/home/app/src/data/shot-type-dataset/trailer_v2/tt1542344/shot_0055.mp4,Push,tt1542344,0055
/home/app/src/data/shot-type-dataset/trailer_v2/tt0079817/shot_0004.mp4,Push,tt0079817,0004
/home/app/src/data/shot-type-dataset/trailer_v2/tt1715752/shot_0022.mp4,Push,tt1715752,0022
/home/app/src/data/shot-type-dataset/trailer_v2/tt1562910/shot_0015.mp4,Push,tt1562910,0015
/home/app/src/data/shot-type-dataset/trailer_v2/tt1562910/shot_0026.mp4,Push,tt1562910,0026
/home/app/src/data/shot-type-dataset/trailer_v2/tt1562910/shot_0032.mp4,Push,tt1562910,0032
/home/app/src/data/shot-type-dataset/trailer_v2/tt2871256/shot_0013.mp4,Push,tt2871256,0013
/home/app/src/data/shot-type-dataset/trailer_v2/tt0406375/shot_0040.mp4,Push,tt0406375,0040
/home/app/src/data/shot-type-dataset/trailer_v2/tt1845773/shot_0075.mp4,Push,tt1845773,0075
/home/app/src/data/shot-type-dataset/trailer_v2/tt0072417/shot_0002.mp4,Push,tt0072417,0002
/home/app/src/data/shot-type-dataset/trailer_v2/tt4066748/shot_0057.mp4,Push,tt4066748,0057
/home/app/src/data/shot-type-dataset/trailer_v2/tt4424350/shot_0062.mp4,Push,tt4424350,0062
/home/app/src/data/shot-type-dataset/trailer_v2/tt3522738/shot_0028.mp4,Push,tt3522738,0028
/home/app/src/data/shot-type-dataset/trailer_v2/tt2578290/shot_0009.mp4,Push,tt2578290,0009
/home/app/src/data/shot-type-dataset/trailer_v2/tt2578290/shot_0037.mp4,Push,tt2578290,0037
/home/app/src/data/shot-type-dataset/trailer_v2/tt3172126/shot_0093.mp4,Push,tt3172126,0093
/home/app/src/data/shot-type-dataset/trailer_v2/tt2136847/shot_0003.mp4,Push,tt2136847,0003
/home/app/src/data/shot-type-dataset/trailer_v2/tt0066950/shot_0012.mp4,Push,tt0066950,0012
/home/app/src/data/shot-type-dataset/trailer_v2/tt0066950/shot_0025.mp4,Push,tt0066950,0025
/home/app/src/data/shot-type-dataset/trailer_v2/tt3853452/shot_0025.mp4,Push,tt3853452,0025
/home/app/src/data/shot-type-dataset/trailer_v2/tt4127174/shot_0014.mp4,Push,tt4127174,0014
/home/app/src/data/shot-type-dataset/trailer_v2/tt2344678/shot_0008.mp4,Push,tt2344678,0008
/home/app/src/data/shot-type-dataset/trailer_v2/tt2992552/shot_0016.mp4,Push,tt2992552,0016
/home/app/src/data/shot-type-dataset/trailer_v2/tt3005560/shot_0057.mp4,Push,tt3005560,0057
/home/app/src/data/shot-type-dataset/trailer_v2/tt0870204/shot_0038.mp4,Push,tt0870204,0038
/home/app/src/data/shot-type-dataset/trailer_v2/tt5875654/shot_0020.mp4,Push,tt5875654,0020
/home/app/src/data/shot-type-dataset/trailer_v2/tt1727795/shot_0070.mp4,Push,tt1727795,0070
/home/app/src/data/shot-type-dataset/trailer_v2/tt3850590/shot_0038.mp4,Push,tt3850590,0038
/home/app/src/data/shot-type-dataset/trailer_v2/tt0093090/shot_0067.mp4,Push,tt0093090,0067
/home/app/src/data/shot-type-dataset/trailer_v2/tt4178092/shot_0013.mp4,Push,tt4178092,0013
/home/app/src/data/shot-type-dataset/trailer_v2/tt0109642/shot_0007.mp4,Push,tt0109642,0007
/home/app/src/data/shot-type-dataset/trailer_v2/tt0109642/shot_0008.mp4,Push,tt0109642,0008
/home/app/src/data/shot-type-dataset/trailer_v2/tt0109642/shot_0060.mp4,Push,tt0109642,0060
/home/app/src/data/shot-type-dataset/trailer_v2/tt2202627/shot_0089.mp4,Push,tt2202627,0089
/home/app/src/data/shot-type-dataset/trailer_v2/tt0064073/shot_0012.mp4,Push,tt0064073,0012
/home/app/src/data/shot-type-dataset/trailer_v2/tt1961279/shot_0009.mp4,Push,tt1961279,0009
/home/app/src/data/shot-type-dataset/trailer_v2/tt4303340/shot_0011.mp4,Push,tt4303340,0011
/home/app/src/data/shot-type-dataset/trailer_v2/tt2450440/shot_0006.mp4,Push,tt2450440,0006
/home/app/src/data/shot-type-dataset/trailer_v2/tt4437216/shot_0146.mp4,Push,tt4437216,0146
/home/app/src/data/shot-type-dataset/trailer_v2/tt2166616/shot_0029.mp4,Push,tt2166616,0029
/home/app/src/data/shot-type-dataset/trailer_v2/tt1640459/shot_0001.mp4,Push,tt1640459,0001
/home/app/src/data/shot-type-dataset/trailer_v2/tt1640459/shot_0010.mp4,Push,tt1640459,0010
/home/app/src/data/shot-type-dataset/trailer_v2/tt2536312/shot_0006.mp4,Push,tt2536312,0006
/home/app/src/data/shot-type-dataset/trailer_v2/tt6043942/shot_0008.mp4,Push,tt6043942,0008
/home/app/src/data/shot-type-dataset/trailer_v2/tt2065967/shot_0038.mp4,Push,tt2065967,0038
/home/app/src/data/shot-type-dataset/trailer_v2/tt1222817/shot_0011.mp4,Push,tt1222817,0011
/home/app/src/data/shot-type-dataset/trailer_v2/tt3441228/shot_0003.mp4,Push,tt3441228,0003
/home/app/src/data/shot-type-dataset/trailer_v2/tt3007150/shot_0039.mp4,Push,tt3007150,0039
/home/app/src/data/shot-type-dataset/trailer_v2/tt4323504/shot_0091.mp4,Push,tt4323504,0091
/home/app/src/data/shot-type-dataset/trailer_v2/tt2625270/shot_0037.mp4,Push,tt2625270,0037
/home/app/src/data/shot-type-dataset/trailer_v2/tt2170403/shot_0003.mp4,Push,tt2170403,0003
/home/app/src/data/shot-type-dataset/trailer_v2/tt0082085/shot_0007.mp4,Push,tt0082085,0007
/home/app/src/data/shot-type-dataset/trailer_v2/tt3702706/shot_0053.mp4,Push,tt3702706,0053
/home/app/src/data/shot-type-dataset/trailer_v2/tt1344784/shot_0008.mp4,Push,tt1344784,0008
/home/app/src/data/shot-type-dataset/trailer_v2/tt2762720/shot_0016.mp4,Push,tt2762720,0016
/home/app/src/data/shot-type-dataset/trailer_v2/tt0082592/shot_0025.mp4,Push,tt0082592,0025
/home/app/src/data/shot-type-dataset/trailer_v2/tt1334558/shot_0040.mp4,Push,tt1334558,0040
/home/app/src/data/shot-type-dataset/trailer_v2/tt0344097/shot_0016.mp4,Push,tt0344097,0016
/home/app/src/data/shot-type-dataset/trailer_v2/tt1641833/shot_0014.mp4,Push,tt1641833,0014
/home/app/src/data/shot-type-dataset/trailer_v2/tt5116940/shot_0072.mp4,Push,tt5116940,0072
/home/app/src/data/shot-type-dataset/trailer_v2/tt0141109/shot_0024.mp4,Push,tt0141109,0024
/home/app/src/data/shot-type-dataset/trailer_v2/tt3775436/shot_0015.mp4,Push,tt3775436,0015
/home/app/src/data/shot-type-dataset/trailer_v2/tt1773643/shot_0024.mp4,Push,tt1773643,0024
/home/app/src/data/shot-type-dataset/trailer_v2/tt1773643/shot_0025.mp4,Push,tt1773643,0025
/home/app/src/data/shot-type-dataset/trailer_v2/tt0245844/shot_0015.mp4,Push,tt0245844,0015
/home/app/src/data/shot-type-dataset/trailer_v2/tt0120912/shot_0006.mp4,Push,tt0120912,0006
/home/app/src/data/shot-type-dataset/trailer_v2/tt0120912/shot_0026.mp4,Push,tt0120912,0026
/home/app/src/data/shot-type-dataset/trailer_v2/tt2056540/shot_0021.mp4,Push,tt2056540,0021
/home/app/src/data/shot-type-dataset/trailer_v2/tt2056540/shot_0022.mp4,Push,tt2056540,0022
/home/app/src/data/shot-type-dataset/trailer_v2/tt2102330/shot_0016.mp4,Push,tt2102330,0016
/home/app/src/data/shot-type-dataset/trailer_v2/tt2102330/shot_0018.mp4,Push,tt2102330,0018
/home/app/src/data/shot-type-dataset/trailer_v2/tt0117666/shot_0008.mp4,Push,tt0117666,0008
/home/app/src/data/shot-type-dataset/trailer_v2/tt2295824/shot_0004.mp4,Push,tt2295824,0004
/home/app/src/data/shot-type-dataset/trailer_v2/tt4807434/shot_0043.mp4,Push,tt4807434,0043
/home/app/src/data/shot-type-dataset/trailer_v2/tt3102206/shot_0020.mp4,Push,tt3102206,0020
/home/app/src/data/shot-type-dataset/trailer_v2/tt5981738/shot_0060.mp4,Push,tt5981738,0060
/home/app/src/data/shot-type-dataset/trailer_v2/tt2287695/shot_0039.mp4,Push,tt2287695,0039
/home/app/src/data/shot-type-dataset/trailer_v2/tt2287695/shot_0040.mp4,Push,tt2287695,0040
/home/app/src/data/shot-type-dataset/trailer_v2/tt0066026/shot_0053.mp4,Push,tt0066026,0053
/home/app/src/data/shot-type-dataset/trailer_v2/tt1942884/shot_0047.mp4,Push,tt1942884,0047
/home/app/src/data/shot-type-dataset/trailer_v2/tt2245151/shot_0036.mp4,Push,tt2245151,0036
/home/app/src/data/shot-type-dataset/trailer_v2/tt2268732/shot_0046.mp4,Push,tt2268732,0046
/home/app/src/data/shot-type-dataset/trailer_v2/tt0113161/shot_0007.mp4,Push,tt0113161,0007
/home/app/src/data/shot-type-dataset/trailer_v2/tt4179040/shot_0004.mp4,Push,tt4179040,0004
/home/app/src/data/shot-type-dataset/trailer_v2/tt2125490/shot_0019.mp4,Push,tt2125490,0019
/home/app/src/data/shot-type-dataset/trailer_v2/tt0099487/shot_0010.mp4,Push,tt0099487,0010
/home/app/src/data/shot-type-dataset/trailer_v2/tt1380275/shot_0005.mp4,Push,tt1380275,0005
/home/app/src/data/shot-type-dataset/trailer_v2/tt0094332/shot_0013.mp4,Push,tt0094332,0013
/home/app/src/data/shot-type-dataset/trailer_v2/tt2820466/shot_0029.mp4,Push,tt2820466,0029
/home/app/src/data/shot-type-dataset/trailer_v2/tt4306300/shot_0010.mp4,Push,tt4306300,0010
/home/app/src/data/shot-type-dataset/trailer_v2/tt3358874/shot_0022.mp4,Push,tt3358874,0022
/home/app/src/data/shot-type-dataset/trailer_v2/tt1291549/shot_0005.mp4,Push,tt1291549,0005
/home/app/src/data/shot-type-dataset/trailer_v2/tt1322313/shot_0003.mp4,Push,tt1322313,0003
/home/app/src/data/shot-type-dataset/trailer_v2/tt1978451/shot_0042.mp4,Push,tt1978451,0042
/home/app/src/data/shot-type-dataset/trailer_v2/tt2380426/shot_0063.mp4,Push,tt2380426,0063
/home/app/src/data/shot-type-dataset/trailer_v2/tt2400555/shot_0013.mp4,Push,tt2400555,0013
/home/app/src/data/shot-type-dataset/trailer_v2/tt2400555/shot_0058.mp4,Push,tt2400555,0058
/home/app/src/data/shot-type-dataset/trailer_v2/tt2772978/shot_0027.mp4,Push,tt2772978,0027
/home/app/src/data/shot-type-dataset/trailer_v2/tt0251160/shot_0032.mp4,Push,tt0251160,0032
/home/app/src/data/shot-type-dataset/trailer_v2/tt0083096/shot_0011.mp4,Push,tt0083096,0011
/home/app/src/data/shot-type-dataset/trailer_v2/tt0083096/shot_0012.mp4,Push,tt0083096,0012
/home/app/src/data/shot-type-dataset/trailer_v2/tt0083096/shot_0026.mp4,Push,tt0083096,0026
/home/app/src/data/shot-type-dataset/trailer_v2/tt5096600/shot_0026.mp4,Push,tt5096600,0026
/home/app/src/data/shot-type-dataset/trailer_v2/tt0103874/shot_0011.mp4,Push,tt0103874,0011
/home/app/src/data/shot-type-dataset/trailer_v2/tt0103874/shot_0081.mp4,Push,tt0103874,0081
/home/app/src/data/shot-type-dataset/trailer_v2/tt4448050/shot_0004.mp4,Push,tt4448050,0004
/home/app/src/data/shot-type-dataset/trailer_v2/tt1092633/shot_0026.mp4,Push,tt1092633,0026
/home/app/src/data/shot-type-dataset/trailer_v2/tt0120689/shot_0031.mp4,Push,tt0120689,0031
/home/app/src/data/shot-type-dataset/trailer_v2/tt0092675/shot_0013.mp4,Push,tt0092675,0013
/home/app/src/data/shot-type-dataset/trailer_v2/tt2294679/shot_0025.mp4,Push,tt2294679,0025
/home/app/src/data/shot-type-dataset/trailer_v2/tt5658124/shot_0015.mp4,Push,tt5658124,0015
/home/app/src/data/shot-type-dataset/trailer_v2/tt5658124/shot_0027.mp4,Push,tt5658124,0027
/home/app/src/data/shot-type-dataset/trailer_v2/tt5354664/shot_0007.mp4,Push,tt5354664,0007
/home/app/src/data/shot-type-dataset/trailer_v2/tt5165344/shot_0115.mp4,Push,tt5165344,0115
/home/app/src/data/shot-type-dataset/trailer_v2/tt3910602/shot_0020.mp4,Push,tt3910602,0020
/home/app/src/data/shot-type-dataset/trailer_v2/tt3910602/shot_0027.mp4,Push,tt3910602,0027
/home/app/src/data/shot-type-dataset/trailer_v2/tt0087520/shot_0018.mp4,Push,tt0087520,0018
/home/app/src/data/shot-type-dataset/trailer_v2/tt4569750/shot_0006.mp4,Push,tt4569750,0006
/home/app/src/data/shot-type-dataset/trailer_v2/tt4569750/shot_0010.mp4,Push,tt4569750,0010
/home/app/src/data/shot-type-dataset/trailer_v2/tt5275830/shot_0016.mp4,Push,tt5275830,0016
/home/app/src/data/shot-type-dataset/trailer_v2/tt4071282/shot_0061.mp4,Push,tt4071282,0061
/home/app/src/data/shot-type-dataset/trailer_v2/tt5325210/shot_0007.mp4,Push,tt5325210,0007
/home/app/src/data/shot-type-dataset/trailer_v2/tt0088275/shot_0010.mp4,Push,tt0088275,0010
/home/app/src/data/shot-type-dataset/trailer_v2/tt0088275/shot_0011.mp4,Push,tt0088275,0011
/home/app/src/data/shot-type-dataset/trailer_v2/tt1928330/shot_0003.mp4,Push,tt1928330,0003
/home/app/src/data/shot-type-dataset/trailer_v2/tt1920910/shot_0031.mp4,Push,tt1920910,0031
/home/app/src/data/shot-type-dataset/trailer_v2/tt1798243/shot_0046.mp4,Push,tt1798243,0046
/home/app/src/data/shot-type-dataset/trailer_v2/tt1827579/shot_0009.mp4,Push,tt1827579,0009
/home/app/src/data/shot-type-dataset/trailer_v2/tt1135503/shot_0013.mp4,Push,tt1135503,0013
/home/app/src/data/shot-type-dataset/trailer_v2/tt1581845/shot_0013.mp4,Push,tt1581845,0013
/home/app/src/data/shot-type-dataset/trailer_v2/tt1581845/shot_0042.mp4,Push,tt1581845,0042
/home/app/src/data/shot-type-dataset/trailer_v2/tt1822203/shot_0009.mp4,Push,tt1822203,0009
/home/app/src/data/shot-type-dataset/trailer_v2/tt2219252/shot_0014.mp4,Push,tt2219252,0014
/home/app/src/data/shot-type-dataset/trailer_v2/tt3677832/shot_0004.mp4,Push,tt3677832,0004
/home/app/src/data/shot-type-dataset/trailer_v2/tt3677832/shot_0007.mp4,Push,tt3677832,0007
/home/app/src/data/shot-type-dataset/trailer_v2/tt3677832/shot_0009.mp4,Push,tt3677832,0009
/home/app/src/data/shot-type-dataset/trailer_v2/tt3677832/shot_0018.mp4,Push,tt3677832,0018
/home/app/src/data/shot-type-dataset/trailer_v2/tt4415360/shot_0020.mp4,Push,tt4415360,0020
/home/app/src/data/shot-type-dataset/trailer_v2/tt2378191/shot_0015.mp4,Push,tt2378191,0015
/home/app/src/data/shot-type-dataset/trailer_v2/tt3401882/shot_0005.mp4,Push,tt3401882,0005
/home/app/src/data/shot-type-dataset/trailer_v2/tt0876572/shot_0034.mp4,Push,tt0876572,0034
/home/app/src/data/shot-type-dataset/trailer_v2/tt6158604/shot_0016.mp4,Push,tt6158604,0016
/home/app/src/data/shot-type-dataset/trailer_v2/tt4797436/shot_0034.mp4,Push,tt4797436,0034
/home/app/src/data/shot-type-dataset/trailer_v2/tt0082842/shot_0006.mp4,Push,tt0082842,0006
/home/app/src/data/shot-type-dataset/trailer_v2/tt0082842/shot_0020.mp4,Push,tt0082842,0020
/home/app/src/data/shot-type-dataset/trailer_v2/tt1116184/shot_0024.mp4,Push,tt1116184,0024
/home/app/src/data/shot-type-dataset/trailer_v2/tt4114612/shot_0021.mp4,Push,tt4114612,0021
/home/app/src/data/shot-type-dataset/trailer_v2/tt0094862/shot_0013.mp4,Push,tt0094862,0013
/home/app/src/data/shot-type-dataset/trailer_v2/tt1439509/shot_0013.mp4,Push,tt1439509,0013
/home/app/src/data/shot-type-dataset/trailer_v2/tt1185344/shot_0053.mp4,Push,tt1185344,0053
/home/app/src/data/shot-type-dataset/trailer_v2/tt1380784/shot_0056.mp4,Push,tt1380784,0056
/home/app/src/data/shot-type-dataset/trailer_v2/tt2855724/shot_0053.mp4,Push,tt2855724,0053
/home/app/src/data/shot-type-dataset/trailer_v2/tt1276962/shot_0042.mp4,Push,tt1276962,0042
/home/app/src/data/shot-type-dataset/trailer_v2/tt2759652/shot_0013.mp4,Push,tt2759652,0013
/home/app/src/data/shot-type-dataset/trailer_v2/tt2759652/shot_0028.mp4,Push,tt2759652,0028
/home/app/src/data/shot-type-dataset/trailer_v2/tt1505384/shot_0002.mp4,Push,tt1505384,0002
/home/app/src/data/shot-type-dataset/trailer_v2/tt1505384/shot_0008.mp4,Push,tt1505384,0008
/home/app/src/data/shot-type-dataset/trailer_v2/tt1505384/shot_0017.mp4,Push,tt1505384,0017
/home/app/src/data/shot-type-dataset/trailer_v2/tt1671582/shot_0012.mp4,Push,tt1671582,0012
/home/app/src/data/shot-type-dataset/trailer_v2/tt3156578/shot_0027.mp4,Push,tt3156578,0027
/home/app/src/data/shot-type-dataset/trailer_v2/tt3156578/shot_0055.mp4,Push,tt3156578,0055
/home/app/src/data/shot-type-dataset/trailer_v2/tt3156578/shot_0058.mp4,Push,tt3156578,0058
/home/app/src/data/shot-type-dataset/trailer_v2/tt4976984/shot_0063.mp4,Push,tt4976984,0063
/home/app/src/data/shot-type-dataset/trailer_v2/tt4819880/shot_0018.mp4,Push,tt4819880,0018
/home/app/src/data/shot-type-dataset/trailer_v2/tt1320254/shot_0049.mp4,Push,tt1320254,0049
/home/app/src/data/shot-type-dataset/trailer_v2/tt0899172/shot_0010.mp4,Push,tt0899172,0010
/home/app/src/data/shot-type-dataset/trailer_v2/tt6029122/shot_0001.mp4,Push,tt6029122,0001
/home/app/src/data/shot-type-dataset/trailer_v2/tt3591988/shot_0005.mp4,Push,tt3591988,0005
/home/app/src/data/shot-type-dataset/trailer_v2/tt1866205/shot_0002.mp4,Push,tt1866205,0002
/home/app/src/data/shot-type-dataset/trailer_v2/tt2113683/shot_0002.mp4,Push,tt2113683,0002
/home/app/src/data/shot-type-dataset/trailer_v2/tt3594780/shot_0038.mp4,Push,tt3594780,0038
/home/app/src/data/shot-type-dataset/trailer_v2/tt3764970/shot_0056.mp4,Push,tt3764970,0056
/home/app/src/data/shot-type-dataset/trailer_v2/tt4156148/shot_0014.mp4,Push,tt4156148,0014
/home/app/src/data/shot-type-dataset/trailer_v2/tt2127268/shot_0009.mp4,Push,tt2127268,0009
/home/app/src/data/shot-type-dataset/trailer_v2/tt5442430/shot_0016.mp4,Push,tt5442430,0016
/home/app/src/data/shot-type-dataset/trailer_v2/tt0069495/shot_0008.mp4,Push,tt0069495,0008
/home/app/src/data/shot-type-dataset/trailer_v2/tt0069495/shot_0025.mp4,Push,tt0069495,0025
/home/app/src/data/shot-type-dataset/trailer_v2/tt4112208/shot_0031.mp4,Push,tt4112208,0031
/home/app/src/data/shot-type-dataset/trailer_v2/tt0810900/shot_0063.mp4,Push,tt0810900,0063
/home/app/src/data/shot-type-dataset/trailer_v2/tt1656194/shot_0005.mp4,Push,tt1656194,0005
/home/app/src/data/shot-type-dataset/trailer_v2/tt1571408/shot_0012.mp4,Push,tt1571408,0012
/home/app/src/data/shot-type-dataset/trailer_v2/tt1736555/shot_0009.mp4,Push,tt1736555,0009
/home/app/src/data/shot-type-dataset/trailer_v2/tt2359427/shot_0044.mp4,Push,tt2359427,0044
/home/app/src/data/shot-type-dataset/trailer_v2/tt2010939/shot_0011.mp4,Push,tt2010939,0011
/home/app/src/data/shot-type-dataset/trailer_v2/tt2010939/shot_0024.mp4,Push,tt2010939,0024
/home/app/src/data/shot-type-dataset/trailer_v2/tt1773041/shot_0004.mp4,Push,tt1773041,0004
/home/app/src/data/shot-type-dataset/trailer_v2/tt3079782/shot_0007.mp4,Push,tt3079782,0007
/home/app/src/data/shot-type-dataset/trailer_v2/tt0110057/shot_0027.mp4,Push,tt0110057,0027
/home/app/src/data/shot-type-dataset/trailer_v2/tt2355775/shot_0043.mp4,Push,tt2355775,0043
/home/app/src/data/shot-type-dataset/trailer_v2/tt2786780/shot_0020.mp4,Push,tt2786780,0020
/home/app/src/data/shot-type-dataset/trailer_v2/tt1758689/shot_0026.mp4,Push,tt1758689,0026
/home/app/src/data/shot-type-dataset/trailer_v2/tt2093109/shot_0059.mp4,Push,tt2093109,0059
/home/app/src/data/shot-type-dataset/trailer_v2/tt1866197/shot_0080.mp4,Push,tt1866197,0080
/home/app/src/data/shot-type-dataset/trailer_v2/tt2248028/shot_0046.mp4,Push,tt2248028,0046
/home/app/src/data/shot-type-dataset/trailer_v2/tt2119373/shot_0029.mp4,Push,tt2119373,0029
/home/app/src/data/shot-type-dataset/trailer_v2/tt2119373/shot_0035.mp4,Push,tt2119373,0035
/home/app/src/data/shot-type-dataset/trailer_v2/tt2385522/shot_0009.mp4,Push,tt2385522,0009
/home/app/src/data/shot-type-dataset/trailer_v2/tt2265495/shot_0002.mp4,Push,tt2265495,0002
/home/app/src/data/shot-type-dataset/trailer_v2/tt2265495/shot_0004.mp4,Push,tt2265495,0004
/home/app/src/data/shot-type-dataset/trailer_v2/tt2265495/shot_0006.mp4,Push,tt2265495,0006
/home/app/src/data/shot-type-dataset/trailer_v2/tt1699160/shot_0003.mp4,Push,tt1699160,0003
/home/app/src/data/shot-type-dataset/trailer_v2/tt0385004/shot_0036.mp4,Push,tt0385004,0036
/home/app/src/data/shot-type-dataset/trailer_v2/tt2833768/shot_0034.mp4,Push,tt2833768,0034
/home/app/src/data/shot-type-dataset/trailer_v2/tt0486583/shot_0065.mp4,Push,tt0486583,0065
/home/app/src/data/shot-type-dataset/trailer_v2/tt2570858/shot_0005.mp4,Push,tt2570858,0005
/home/app/src/data/shot-type-dataset/trailer_v2/tt2570858/shot_0022.mp4,Push,tt2570858,0022
/home/app/src/data/shot-type-dataset/trailer_v2/tt2570858/shot_0049.mp4,Push,tt2570858,0049
/home/app/src/data/shot-type-dataset/trailer_v2/tt4893154/shot_0003.mp4,Push,tt4893154,0003
/home/app/src/data/shot-type-dataset/trailer_v2/tt4893154/shot_0007.mp4,Push,tt4893154,0007
/home/app/src/data/shot-type-dataset/trailer_v2/tt4893154/shot_0008.mp4,Push,tt4893154,0008
/home/app/src/data/shot-type-dataset/trailer_v2/tt4893154/shot_0020.mp4,Push,tt4893154,0020
/home/app/src/data/shot-type-dataset/trailer_v2/tt4893154/shot_0030.mp4,Push,tt4893154,0030
/home/app/src/data/shot-type-dataset/trailer_v2/tt1475400/shot_0051.mp4,Push,tt1475400,0051
/home/app/src/data/shot-type-dataset/trailer_v2/tt1800266/shot_0052.mp4,Push,tt1800266,0052
/home/app/src/data/shot-type-dataset/trailer_v2/tt1985019/shot_0008.mp4,Push,tt1985019,0008
/home/app/src/data/shot-type-dataset/trailer_v2/tt3917210/shot_0015.mp4,Push,tt3917210,0015
/home/app/src/data/shot-type-dataset/trailer_v2/tt1558952/shot_0001.mp4,Push,tt1558952,0001
/home/app/src/data/shot-type-dataset/trailer_v2/tt4294812/shot_0037.mp4,Push,tt4294812,0037
/home/app/src/data/shot-type-dataset/trailer_v2/tt2404233/shot_0011.mp4,Push,tt2404233,0011
/home/app/src/data/shot-type-dataset/trailer_v2/tt1327697/shot_0036.mp4,Push,tt1327697,0036
/home/app/src/data/shot-type-dataset/trailer_v2/tt4882642/shot_0010.mp4,Push,tt4882642,0010
/home/app/src/data/shot-type-dataset/trailer_v2/tt4157220/shot_0089.mp4,Push,tt4157220,0089
/home/app/src/data/shot-type-dataset/trailer_v2/tt3106946/shot_0054.mp4,Push,tt3106946,0054
/home/app/src/data/shot-type-dataset/trailer_v2/tt4174600/shot_0009.mp4,Push,tt4174600,0009
/home/app/src/data/shot-type-dataset/trailer_v2/tt0479547/shot_0028.mp4,Push,tt0479547,0028
/home/app/src/data/shot-type-dataset/trailer_v2/tt0479547/shot_0038.mp4,Push,tt0479547,0038
/home/app/src/data/shot-type-dataset/trailer_v2/tt5068452/shot_0060.mp4,Push,tt5068452,0060
/home/app/src/data/shot-type-dataset/trailer_v2/tt4001078/shot_0008.mp4,Push,tt4001078,0008
/home/app/src/data/shot-type-dataset/trailer_v2/tt3313066/shot_0013.mp4,Push,tt3313066,0013
/home/app/src/data/shot-type-dataset/trailer_v2/tt2147134/shot_0005.mp4,Push,tt2147134,0005
/home/app/src/data/shot-type-dataset/trailer_v2/tt2882854/shot_0075.mp4,Push,tt2882854,0075
/home/app/src/data/shot-type-dataset/trailer_v2/tt2332514/shot_0025.mp4,Push,tt2332514,0025
/home/app/src/data/shot-type-dataset/trailer_v2/tt2451742/shot_0024.mp4,Push,tt2451742,0024
/home/app/src/data/shot-type-dataset/trailer_v2/tt2704752/shot_0002.mp4,Push,tt2704752,0002
/home/app/src/data/shot-type-dataset/trailer_v2/tt2364842/shot_0027.mp4,Push,tt2364842,0027
/home/app/src/data/shot-type-dataset/trailer_v2/tt1670932/shot_0094.mp4,Push,tt1670932,0094
/home/app/src/data/shot-type-dataset/trailer_v2/tt2343713/shot_0035.mp4,Push,tt2343713,0035
/home/app/src/data/shot-type-dataset/trailer_v2/tt3759970/shot_0003.mp4,Push,tt3759970,0003
/home/app/src/data/shot-type-dataset/trailer_v2/tt3759970/shot_0018.mp4,Push,tt3759970,0018
/home/app/src/data/shot-type-dataset/trailer_v2/tt3024364/shot_0061.mp4,Push,tt3024364,0061
/home/app/src/data/shot-type-dataset/trailer_v2/tt2520808/shot_0007.mp4,Push,tt2520808,0007
/home/app/src/data/shot-type-dataset/trailer_v2/tt2139851/shot_0039.mp4,Push,tt2139851,0039
/home/app/src/data/shot-type-dataset/trailer_v2/tt1666801/shot_0057.mp4,Push,tt1666801,0057
/home/app/src/data/shot-type-dataset/trailer_v2/tt1674711/shot_0025.mp4,Push,tt1674711,0025
/home/app/src/data/shot-type-dataset/trailer_v2/tt5489954/shot_0005.mp4,Push,tt5489954,0005
/home/app/src/data/shot-type-dataset/trailer_v2/tt2042559/shot_0019.mp4,Push,tt2042559,0019
/home/app/src/data/shot-type-dataset/trailer_v2/tt2014319/shot_0016.mp4,Push,tt2014319,0016
/home/app/src/data/shot-type-dataset/trailer_v2/tt2014319/shot_0023.mp4,Push,tt2014319,0023
/home/app/src/data/shot-type-dataset/trailer_v2/tt1510907/shot_0026.mp4,Push,tt1510907,0026
/home/app/src/data/shot-type-dataset/trailer_v2/tt1653690/shot_0025.mp4,Push,tt1653690,0025
/home/app/src/data/shot-type-dataset/trailer_v2/tt4021190/shot_0003.mp4,Push,tt4021190,0003
/home/app/src/data/shot-type-dataset/trailer_v2/tt1356790/shot_0019.mp4,Push,tt1356790,0019
/home/app/src/data/shot-type-dataset/trailer_v2/tt0117381/shot_0034.mp4,Push,tt0117381,0034
/home/app/src/data/shot-type-dataset/trailer_v2/tt0082100/shot_0011.mp4,Push,tt0082100,0011
/home/app/src/data/shot-type-dataset/trailer_v2/tt0042393/shot_0033.mp4,Push,tt0042393,0033
/home/app/src/data/shot-type-dataset/trailer_v2/tt0042393/shot_0071.mp4,Push,tt0042393,0071
/home/app/src/data/shot-type-dataset/trailer_v2/tt2980592/shot_0004.mp4,Push,tt2980592,0004
/home/app/src/data/shot-type-dataset/trailer_v2/tt2980592/shot_0018.mp4,Push,tt2980592,0018
/home/app/src/data/shot-type-dataset/trailer_v2/tt3675466/shot_0025.mp4,Push,tt3675466,0025
/home/app/src/data/shot-type-dataset/trailer_v2/tt4067162/shot_0011.mp4,Push,tt4067162,0011
/home/app/src/data/shot-type-dataset/trailer_v2/tt3021360/shot_0030.mp4,Push,tt3021360,0030
/home/app/src/data/shot-type-dataset/trailer_v2/tt0200421/shot_0013.mp4,Push,tt0200421,0013
/home/app/src/data/shot-type-dataset/trailer_v2/tt1530667/shot_0011.mp4,Push,tt1530667,0011
/home/app/src/data/shot-type-dataset/trailer_v2/tt0109129/shot_0009.mp4,Push,tt0109129,0009
/home/app/src/data/shot-type-dataset/trailer_v2/tt0109129/shot_0010.mp4,Push,tt0109129,0010
/home/app/src/data/shot-type-dataset/trailer_v2/tt2347329/shot_0011.mp4,Push,tt2347329,0011
/home/app/src/data/shot-type-dataset/trailer_v2/tt2231705/shot_0007.mp4,Push,tt2231705,0007
/home/app/src/data/shot-type-dataset/trailer_v2/tt2821854/shot_0003.mp4,Push,tt2821854,0003
/home/app/src/data/shot-type-dataset/trailer_v2/tt0129280/shot_0009.mp4,Push,tt0129280,0009
/home/app/src/data/shot-type-dataset/trailer_v2/tt2794596/shot_0022.mp4,Push,tt2794596,0022
/home/app/src/data/shot-type-dataset/trailer_v2/tt3744264/shot_0078.mp4,Push,tt3744264,0078
/home/app/src/data/shot-type-dataset/trailer_v2/tt2185374/shot_0015.mp4,Push,tt2185374,0015
/home/app/src/data/shot-type-dataset/trailer_v2/tt0084296/shot_0012.mp4,Push,tt0084296,0012
/home/app/src/data/shot-type-dataset/trailer_v2/tt2476090/shot_0052.mp4,Push,tt2476090,0052
/home/app/src/data/shot-type-dataset/trailer_v2/tt0396171/shot_0044.mp4,Push,tt0396171,0044
/home/app/src/data/shot-type-dataset/trailer_v2/tt1941627/shot_0005.mp4,Push,tt1941627,0005
/home/app/src/data/shot-type-dataset/trailer_v2/tt3733778/shot_0003.mp4,Push,tt3733778,0003
/home/app/src/data/shot-type-dataset/trailer_v2/tt5377130/shot_0040.mp4,Push,tt5377130,0040
/home/app/src/data/shot-type-dataset/trailer_v2/tt1916749/shot_0058.mp4,Push,tt1916749,0058
/home/app/src/data/shot-type-dataset/trailer_v2/tt3126460/shot_0016.mp4,Push,tt3126460,0016
/home/app/src/data/shot-type-dataset/trailer_v2/tt0080569/shot_0003.mp4,Push,tt0080569,0003
/home/app/src/data/shot-type-dataset/trailer_v2/tt0080569/shot_0037.mp4,Push,tt0080569,0037
/home/app/src/data/shot-type-dataset/trailer_v2/tt2822742/shot_0031.mp4,Push,tt2822742,0031
/home/app/src/data/shot-type-dataset/trailer_v2/tt1527812/shot_0089.mp4,Push,tt1527812,0089
/home/app/src/data/shot-type-dataset/trailer_v2/tt2492916/shot_0032.mp4,Push,tt2492916,0032
/home/app/src/data/shot-type-dataset/trailer_v2/tt0111161/shot_0008.mp4,Push,tt0111161,0008
/home/app/src/data/shot-type-dataset/trailer_v2/tt3044882/shot_0013.mp4,Push,tt3044882,0013
/home/app/src/data/shot-type-dataset/trailer_v2/tt1800307/shot_0052.mp4,Push,tt1800307,0052
/home/app/src/data/shot-type-dataset/trailer_v2/tt4919926/shot_0005.mp4,Push,tt4919926,0005
/home/app/src/data/shot-type-dataset/trailer_v2/tt1587828/shot_0017.mp4,Push,tt1587828,0017
/home/app/src/data/shot-type-dataset/trailer_v2/tt1879022/shot_0003.mp4,Push,tt1879022,0003
/home/app/src/data/shot-type-dataset/trailer_v2/tt4513052/shot_0005.mp4,Push,tt4513052,0005
/home/app/src/data/shot-type-dataset/trailer_v2/tt3513086/shot_0047.mp4,Push,tt3513086,0047
/home/app/src/data/shot-type-dataset/trailer_v2/tt0073482/shot_0003.mp4,Push,tt0073482,0003
/home/app/src/data/shot-type-dataset/trailer_v2/tt2991224/shot_0010.mp4,Push,tt2991224,0010
/home/app/src/data/shot-type-dataset/trailer_v2/tt1300159/shot_0029.mp4,Push,tt1300159,0029
/home/app/src/data/shot-type-dataset/trailer_v2/tt2213938/shot_0007.mp4,Push,tt2213938,0007
/home/app/src/data/shot-type-dataset/trailer_v2/tt2176722/shot_0002.mp4,Push,tt2176722,0002
/home/app/src/data/shot-type-dataset/trailer_v2/tt0098253/shot_0044.mp4,Push,tt0098253,0044
/home/app/src/data/shot-type-dataset/trailer_v2/tt0309150/shot_0004.mp4,Push,tt0309150,0004
/home/app/src/data/shot-type-dataset/trailer_v2/tt4644144/shot_0009.mp4,Push,tt4644144,0009
/home/app/src/data/shot-type-dataset/trailer_v2/tt1366245/shot_0018.mp4,Push,tt1366245,0018
/home/app/src/data/shot-type-dataset/trailer_v2/tt2190116/shot_0010.mp4,Push,tt2190116,0010
/home/app/src/data/shot-type-dataset/trailer_v2/tt2190116/shot_0034.mp4,Push,tt2190116,0034
/home/app/src/data/shot-type-dataset/trailer_v2/tt1935929/shot_0037.mp4,Push,tt1935929,0037
/home/app/src/data/shot-type-dataset/trailer_v2/tt2941260/shot_0102.mp4,Push,tt2941260,0102
/home/app/src/data/shot-type-dataset/trailer_v2/tt2941260/shot_0122.mp4,Push,tt2941260,0122
/home/app/src/data/shot-type-dataset/trailer_v2/tt4428740/shot_0026.mp4,Push,tt4428740,0026
/home/app/src/data/shot-type-dataset/trailer_v2/tt0077294/shot_0005.mp4,Push,tt0077294,0005
/home/app/src/data/shot-type-dataset/trailer_v2/tt1340425/shot_0014.mp4,Push,tt1340425,0014
/home/app/src/data/shot-type-dataset/trailer_v2/tt2505294/shot_0063.mp4,Push,tt2505294,0063
/home/app/src/data/shot-type-dataset/trailer_v2/tt1535616/shot_0002.mp4,Push,tt1535616,0002
/home/app/src/data/shot-type-dataset/trailer_v2/tt3555534/shot_0011.mp4,Push,tt3555534,0011
/home/app/src/data/shot-type-dataset/trailer_v2/tt5000034/shot_0011.mp4,Push,tt5000034,0011
/home/app/src/data/shot-type-dataset/trailer_v2/tt1860260/shot_0001.mp4,Push,tt1860260,0001
/home/app/src/data/shot-type-dataset/trailer_v2/tt2431576/shot_0005.mp4,Push,tt2431576,0005
/home/app/src/data/shot-type-dataset/trailer_v2/tt0067445/shot_0004.mp4,Push,tt0067445,0004
/home/app/src/data/shot-type-dataset/trailer_v2/tt0067445/shot_0032.mp4,Push,tt0067445,0032
/home/app/src/data/shot-type-dataset/trailer_v2/tt6192840/shot_0056.mp4,Push,tt6192840,0056
/home/app/src/data/shot-type-dataset/trailer_v2/tt1345836/shot_0005.mp4,Push,tt1345836,0005
/home/app/src/data/shot-type-dataset/trailer_v2/tt4932286/shot_0035.mp4,Push,tt4932286,0035
/home/app/src/data/shot-type-dataset/trailer_v2/tt1707687/shot_0012.mp4,Push,tt1707687,0012
/home/app/src/data/shot-type-dataset/trailer_v2/tt4045402/shot_0043.mp4,Push,tt4045402,0043
/home/app/src/data/shot-type-dataset/trailer_v2/tt4045402/shot_0072.mp4,Push,tt4045402,0072
/home/app/src/data/shot-type-dataset/trailer_v2/tt2507280/shot_0007.mp4,Push,tt2507280,0007
/home/app/src/data/shot-type-dataset/trailer_v2/tt2083245/shot_0007.mp4,Push,tt2083245,0007
/home/app/src/data/shot-type-dataset/trailer_v2/tt4193176/shot_0024.mp4,Push,tt4193176,0024
/home/app/src/data/shot-type-dataset/trailer_v2/tt3170428/shot_0004.mp4,Push,tt3170428,0004
/home/app/src/data/shot-type-dataset/trailer_v2/tt1776086/shot_0008.mp4,Push,tt1776086,0008
/home/app/src/data/shot-type-dataset/trailer_v2/tt1776086/shot_0013.mp4,Push,tt1776086,0013
/home/app/src/data/shot-type-dataset/trailer_v2/tt1935158/shot_0102.mp4,Push,tt1935158,0102
/home/app/src/data/shot-type-dataset/trailer_v2/tt0097958/shot_0042.mp4,Push,tt0097958,0042
/home/app/src/data/shot-type-dataset/trailer_v2/tt5568716/shot_0017.mp4,Push,tt5568716,0017
/home/app/src/data/shot-type-dataset/trailer_v2/tt5165936/shot_0073.mp4,Push,tt5165936,0073
/home/app/src/data/shot-type-dataset/trailer_v2/tt2302857/shot_0005.mp4,Push,tt2302857,0005
/home/app/src/data/shot-type-dataset/trailer_v2/tt5837818/shot_0010.mp4,Push,tt5837818,0010
/home/app/src/data/shot-type-dataset/trailer_v2/tt3730162/shot_0036.mp4,Push,tt3730162,0036
/home/app/src/data/shot-type-dataset/trailer_v2/tt0098320/shot_0013.mp4,Push,tt0098320,0013
/home/app/src/data/shot-type-dataset/trailer_v2/tt1871296/shot_0018.mp4,Push,tt1871296,0018
/home/app/src/data/shot-type-dataset/trailer_v2/tt0094035/shot_0015.mp4,Push,tt0094035,0015
/home/app/src/data/shot-type-dataset/trailer_v2/tt5345456/shot_0002.mp4,Push,tt5345456,0002
/home/app/src/data/shot-type-dataset/trailer_v2/tt5345456/shot_0003.mp4,Push,tt5345456,0003
/home/app/src/data/shot-type-dataset/trailer_v2/tt2630716/shot_0021.mp4,Push,tt2630716,0021
/home/app/src/data/shot-type-dataset/trailer_v2/tt2205238/shot_0009.mp4,Push,tt2205238,0009
/home/app/src/data/shot-type-dataset/trailer_v2/tt5176604/shot_0034.mp4,Push,tt5176604,0034
/home/app/src/data/shot-type-dataset/trailer_v2/tt4486006/shot_0005.mp4,Push,tt4486006,0005
/home/app/src/data/shot-type-dataset/trailer_v2/tt4486006/shot_0020.mp4,Push,tt4486006,0020
/home/app/src/data/shot-type-dataset/trailer_v2/tt1951216/shot_0018.mp4,Push,tt1951216,0018
/home/app/src/data/shot-type-dataset/trailer_v2/tt3481338/shot_0017.mp4,Push,tt3481338,0017
/home/app/src/data/shot-type-dataset/trailer_v2/tt3283714/shot_0056.mp4,Push,tt3283714,0056
/home/app/src/data/shot-type-dataset/trailer_v2/tt4819498/shot_0033.mp4,Push,tt4819498,0033
/home/app/src/data/shot-type-dataset/trailer_v2/tt1391092/shot_0047.mp4,Push,tt1391092,0047
/home/app/src/data/shot-type-dataset/trailer_v2/tt2275543/shot_0007.mp4,Push,tt2275543,0007
/home/app/src/data/shot-type-dataset/trailer_v2/tt0243664/shot_0015.mp4,Push,tt0243664,0015
/home/app/src/data/shot-type-dataset/trailer_v2/tt0494716/shot_0030.mp4,Push,tt0494716,0030
/home/app/src/data/shot-type-dataset/trailer_v2/tt1515892/shot_0016.mp4,Push,tt1515892,0016
/home/app/src/data/shot-type-dataset/trailer_v2/tt3406920/shot_0015.mp4,Push,tt3406920,0015
/home/app/src/data/shot-type-dataset/trailer_v2/tt5234766/shot_0015.mp4,Push,tt5234766,0015
/home/app/src/data/shot-type-dataset/trailer_v2/tt1935074/shot_0048.mp4,Push,tt1935074,0048
/home/app/src/data/shot-type-dataset/trailer_v2/tt3013938/shot_0044.mp4,Push,tt3013938,0044
/home/app/src/data/shot-type-dataset/trailer_v2/tt2210823/shot_0066.mp4,Push,tt2210823,0066
/home/app/src/data/shot-type-dataset/trailer_v2/tt2278668/shot_0030.mp4,Push,tt2278668,0030
/home/app/src/data/shot-type-dataset/trailer_v2/tt3033536/shot_0025.mp4,Push,tt3033536,0025
/home/app/src/data/shot-type-dataset/trailer_v2/tt3033536/shot_0057.mp4,Push,tt3033536,0057
/home/app/src/data/shot-type-dataset/trailer_v2/tt6163904/shot_0027.mp4,Push,tt6163904,0027
/home/app/src/data/shot-type-dataset/trailer_v2/tt3527510/shot_0006.mp4,Push,tt3527510,0006
/home/app/src/data/shot-type-dataset/trailer_v2/tt3292146/shot_0003.mp4,Push,tt3292146,0003
/home/app/src/data/shot-type-dataset/trailer_v2/tt1692889/shot_0032.mp4,Push,tt1692889,0032
/home/app/src/data/shot-type-dataset/trailer_v2/tt2061843/shot_0020.mp4,Push,tt2061843,0020
/home/app/src/data/shot-type-dataset/trailer_v2/tt2291950/shot_0020.mp4,Push,tt2291950,0020
/home/app/src/data/shot-type-dataset/trailer_v2/tt2291950/shot_0028.mp4,Push,tt2291950,0028
/home/app/src/data/shot-type-dataset/trailer_v2/tt3349728/shot_0032.mp4,Push,tt3349728,0032
/home/app/src/data/shot-type-dataset/trailer_v2/tt4273188/shot_0011.mp4,Push,tt4273188,0011
/home/app/src/data/shot-type-dataset/trailer_v2/tt1883160/shot_0030.mp4,Push,tt1883160,0030
/home/app/src/data/shot-type-dataset/trailer_v2/tt5336902/shot_0041.mp4,Push,tt5336902,0041
/home/app/src/data/shot-type-dataset/trailer_v2/tt2298537/shot_0019.mp4,Push,tt2298537,0019
/home/app/src/data/shot-type-dataset/trailer_v2/tt2645124/shot_0004.mp4,Push,tt2645124,0004
/home/app/src/data/shot-type-dataset/trailer_v2/tt1912518/shot_0059.mp4,Push,tt1912518,0059
/home/app/src/data/shot-type-dataset/trailer_v2/tt1090749/shot_0022.mp4,Push,tt1090749,0022
/home/app/src/data/shot-type-dataset/trailer_v2/tt3378536/shot_0006.mp4,Push,tt3378536,0006
/home/app/src/data/shot-type-dataset/trailer_v2/tt1957898/shot_0018.mp4,Push,tt1957898,0018
/home/app/src/data/shot-type-dataset/trailer_v2/tt5076792/shot_0062.mp4,Push,tt5076792,0062
/home/app/src/data/shot-type-dataset/trailer_v2/tt1568346/shot_0012.mp4,Push,tt1568346,0012
/home/app/src/data/shot-type-dataset/trailer_v2/tt5628044/shot_0015.mp4,Push,tt5628044,0015
/home/app/src/data/shot-type-dataset/trailer_v2/tt5309954/shot_0013.mp4,Push,tt5309954,0013
/home/app/src/data/shot-type-dataset/trailer_v2/tt3819182/shot_0047.mp4,Push,tt3819182,0047
/home/app/src/data/shot-type-dataset/trailer_v2/tt0117913/shot_0090.mp4,Push,tt0117913,0090
/home/app/src/data/shot-type-dataset/trailer_v2/tt3177332/shot_0024.mp4,Push,tt3177332,0024
/home/app/src/data/shot-type-dataset/trailer_v2/tt2358891/shot_0034.mp4,Push,tt2358891,0034
/home/app/src/data/shot-type-dataset/trailer_v2/tt3087700/shot_0028.mp4,Push,tt3087700,0028
/home/app/src/data/shot-type-dataset/trailer_v2/tt3477732/shot_0060.mp4,Push,tt3477732,0060
/home/app/src/data/shot-type-dataset/trailer_v2/tt3259484/shot_0021.mp4,Push,tt3259484,0021
/home/app/src/data/shot-type-dataset/trailer_v2/tt1619891/shot_0022.mp4,Push,tt1619891,0022
/home/app/src/data/shot-type-dataset/trailer_v2/tt1545324/shot_0015.mp4,Push,tt1545324,0015
/home/app/src/data/shot-type-dataset/trailer_v2/tt1971558/shot_0027.mp4,Push,tt1971558,0027
/home/app/src/data/shot-type-dataset/trailer_v2/tt2554118/shot_0013.mp4,Push,tt2554118,0013
/home/app/src/data/shot-type-dataset/trailer_v2/tt4840170/shot_0050.mp4,Push,tt4840170,0050
/home/app/src/data/shot-type-dataset/trailer_v2/tt0117283/shot_0015.mp4,Push,tt0117283,0015
/home/app/src/data/shot-type-dataset/trailer_v2/tt0084726/shot_0006.mp4,Push,tt0084726,0006
/home/app/src/data/shot-type-dataset/trailer_v2/tt2294619/shot_0024.mp4,Push,tt2294619,0024
/home/app/src/data/shot-type-dataset/trailer_v2/tt1446673/shot_0119.mp4,Push,tt1446673,0119
/home/app/src/data/shot-type-dataset/trailer_v2/tt2514162/shot_0006.mp4,Push,tt2514162,0006
/home/app/src/data/shot-type-dataset/trailer_v2/tt5511546/shot_0053.mp4,Push,tt5511546,0053
/home/app/src/data/shot-type-dataset/trailer_v2/tt3548442/shot_0006.mp4,Push,tt3548442,0006
/home/app/src/data/shot-type-dataset/trailer_v2/tt1989454/shot_0023.mp4,Push,tt1989454,0023
/home/app/src/data/shot-type-dataset/trailer_v2/tt2300684/shot_0015.mp4,Push,tt2300684,0015
/home/app/src/data/shot-type-dataset/trailer_v2/tt1507256/shot_0004.mp4,Push,tt1507256,0004
/home/app/src/data/shot-type-dataset/trailer_v2/tt1507256/shot_0051.mp4,Push,tt1507256,0051
/home/app/src/data/shot-type-dataset/trailer_v2/tt1051241/shot_0043.mp4,Push,tt1051241,0043
/home/app/src/data/shot-type-dataset/trailer_v2/tt3704248/shot_0021.mp4,Push,tt3704248,0021
/home/app/src/data/shot-type-dataset/trailer_v2/tt5792702/shot_0007.mp4,Push,tt5792702,0007
/home/app/src/data/shot-type-dataset/trailer_v2/tt1872152/shot_0018.mp4,Push,tt1872152,0018
/home/app/src/data/shot-type-dataset/trailer_v2/tt5539186/shot_0018.mp4,Push,tt5539186,0018
/home/app/src/data/shot-type-dataset/trailer_v2/tt4106028/shot_0032.mp4,Push,tt4106028,0032
/home/app/src/data/shot-type-dataset/trailer_v2/tt3272570/shot_0061.mp4,Push,tt3272570,0061
/home/app/src/data/shot-type-dataset/trailer_v2/tt2659070/shot_0025.mp4,Push,tt2659070,0025
/home/app/src/data/shot-type-dataset/trailer_v2/tt1897976/shot_0023.mp4,Push,tt1897976,0023
/home/app/src/data/shot-type-dataset/trailer_v2/tt2130321/shot_0031.mp4,Push,tt2130321,0031
/home/app/src/data/shot-type-dataset/trailer_v2/tt0071939/shot_0077.mp4,Push,tt0071939,0077
/home/app/src/data/shot-type-dataset/trailer_v2/tt4964580/shot_0029.mp4,Push,tt4964580,0029
/home/app/src/data/shot-type-dataset/trailer_v2/tt5157030/shot_0004.mp4,Push,tt5157030,0004
/home/app/src/data/shot-type-dataset/trailer_v2/tt2714900/shot_0090.mp4,Push,tt2714900,0090
/home/app/src/data/shot-type-dataset/trailer_v2/tt2260254/shot_0023.mp4,Push,tt2260254,0023
/home/app/src/data/shot-type-dataset/trailer_v2/tt4054004/shot_0018.mp4,Push,tt4054004,0018
/home/app/src/data/shot-type-dataset/trailer_v2/tt2304915/shot_0014.mp4,Push,tt2304915,0014
/home/app/src/data/shot-type-dataset/trailer_v2/tt2287891/shot_0017.mp4,Push,tt2287891,0017
/home/app/src/data/shot-type-dataset/trailer_v2/tt2180317/shot_0049.mp4,Push,tt2180317,0049
/home/app/src/data/shot-type-dataset/trailer_v2/tt0085154/shot_0005.mp4,Push,tt0085154,0005
/home/app/src/data/shot-type-dataset/trailer_v2/tt4764942/shot_0023.mp4,Push,tt4764942,0023
/home/app/src/data/shot-type-dataset/trailer_v2/tt0932519/shot_0001.mp4,Push,tt0932519,0001
/home/app/src/data/shot-type-dataset/trailer_v2/tt2040281/shot_0056.mp4,Push,tt2040281,0056
/home/app/src/data/shot-type-dataset/trailer_v2/tt2039369/shot_0045.mp4,Push,tt2039369,0045
/home/app/src/data/shot-type-dataset/trailer_v2/tt2078613/shot_0007.mp4,Push,tt2078613,0007
/home/app/src/data/shot-type-dataset/trailer_v2/tt1813561/shot_0015.mp4,Push,tt1813561,0015
/home/app/src/data/shot-type-dataset/trailer_v2/tt2866660/shot_0011.mp4,Push,tt2866660,0011
/home/app/src/data/shot-type-dataset/trailer_v2/tt4902012/shot_0042.mp4,Push,tt4902012,0042
/home/app/src/data/shot-type-dataset/trailer_v2/tt1787926/shot_0037.mp4,Push,tt1787926,0037
/home/app/src/data/shot-type-dataset/trailer_v2/tt0151568/shot_0050.mp4,Push,tt0151568,0050
/home/app/src/data/shot-type-dataset/trailer_v2/tt3009714/shot_0037.mp4,Push,tt3009714,0037
/home/app/src/data/shot-type-dataset/trailer_v2/tt5376232/shot_0008.mp4,Push,tt5376232,0008
/home/app/src/data/shot-type-dataset/trailer_v2/tt2309260/shot_0024.mp4,Push,tt2309260,0024
/home/app/src/data/shot-type-dataset/trailer_v2/tt3488668/shot_0065.mp4,Push,tt3488668,0065
/home/app/src/data/shot-type-dataset/trailer_v2/tt2735292/shot_0003.mp4,Push,tt2735292,0003
/home/app/src/data/shot-type-dataset/trailer_v2/tt2565650/shot_0035.mp4,Push,tt2565650,0035
/home/app/src/data/shot-type-dataset/trailer_v2/tt2073679/shot_0017.mp4,Push,tt2073679,0017
/home/app/src/data/shot-type-dataset/trailer_v2/tt4169032/shot_0014.mp4,Push,tt4169032,0014
/home/app/src/data/shot-type-dataset/trailer_v2/tt0243493/shot_0019.mp4,Push,tt0243493,0019
/home/app/src/data/shot-type-dataset/trailer_v2/tt2049543/shot_0010.mp4,Push,tt2049543,0010
/home/app/src/data/shot-type-dataset/trailer_v2/tt2005151/shot_0011.mp4,Push,tt2005151,0011
/home/app/src/data/shot-type-dataset/trailer_v2/tt2525342/shot_0022.mp4,Push,tt2525342,0022
/home/app/src/data/shot-type-dataset/trailer_v2/tt0091647/shot_0038.mp4,Push,tt0091647,0038
/home/app/src/data/shot-type-dataset/trailer_v2/tt3224258/shot_0078.mp4,Push,tt3224258,0078
/home/app/src/data/shot-type-dataset/trailer_v2/tt4452638/shot_0011.mp4,Push,tt4452638,0011
/home/app/src/data/shot-type-dataset/trailer_v2/tt5706328/shot_0018.mp4,Push,tt5706328,0018
/home/app/src/data/shot-type-dataset/trailer_v2/tt3445492/shot_0037.mp4,Push,tt3445492,0037
/home/app/src/data/shot-type-dataset/trailer_v2/tt0087363/shot_0021.mp4,Push,tt0087363,0021
/home/app/src/data/shot-type-dataset/trailer_v2/tt5463876/shot_0012.mp4,Push,tt5463876,0012
/home/app/src/data/shot-type-dataset/trailer_v2/tt4846356/shot_0020.mp4,Push,tt4846356,0020
/home/app/src/data/shot-type-dataset/trailer_v2/tt4846356/shot_0031.mp4,Push,tt4846356,0031
/home/app/src/data/shot-type-dataset/trailer_v2/tt0790788/shot_0009.mp4,Push,tt0790788,0009
/home/app/src/data/shot-type-dataset/trailer_v2/tt3133806/shot_0017.mp4,Push,tt3133806,0017
/home/app/src/data/shot-type-dataset/trailer_v2/tt3458118/shot_0042.mp4,Push,tt3458118,0042
/home/app/src/data/shot-type-dataset/trailer_v2/tt5335128/shot_0043.mp4,Push,tt5335128,0043
/home/app/src/data/shot-type-dataset/trailer_v2/tt0212346/shot_0087.mp4,Push,tt0212346,0087
/home/app/src/data/shot-type-dataset/trailer_v2/tt4587366/shot_0053.mp4,Push,tt4587366,0053
/home/app/src/data/shot-type-dataset/trailer_v2/tt5836980/shot_0037.mp4,Push,tt5836980,0037
/home/app/src/data/shot-type-dataset/trailer_v2/tt1420543/shot_0005.mp4,Push,tt1420543,0005
/home/app/src/data/shot-type-dataset/trailer_v2/tt1961295/shot_0126.mp4,Push,tt1961295,0126
/home/app/src/data/shot-type-dataset/trailer_v2/tt1822394/shot_0003.mp4,Push,tt1822394,0003
/home/app/src/data/shot-type-dataset/trailer_v2/tt0094226/shot_0016.mp4,Push,tt0094226,0016
/home/app/src/data/shot-type-dataset/trailer_v2/tt1945228/shot_0026.mp4,Push,tt1945228,0026
/home/app/src/data/shot-type-dataset/trailer_v2/tt1896788/shot_0024.mp4,Push,tt1896788,0024
/home/app/src/data/shot-type-dataset/trailer_v2/tt0388419/shot_0003.mp4,Push,tt0388419,0003
/home/app/src/data/shot-type-dataset/trailer_v2/tt1386683/shot_0003.mp4,Push,tt1386683,0003
/home/app/src/data/shot-type-dataset/trailer_v2/tt1521090/shot_0006.mp4,Push,tt1521090,0006
/home/app/src/data/shot-type-dataset/trailer_v2/tt1672087/shot_0023.mp4,Push,tt1672087,0023
/home/app/src/data/shot-type-dataset/trailer_v2/tt1663203/shot_0026.mp4,Push,tt1663203,0026
/home/app/src/data/shot-type-dataset/trailer_v2/tt3417470/shot_0024.mp4,Push,tt3417470,0024
/home/app/src/data/shot-type-dataset/trailer_v2/tt1776182/shot_0066.mp4,Push,tt1776182,0066
/home/app/src/data/shot-type-dataset/trailer_v2/tt4592042/shot_0047.mp4,Push,tt4592042,0047
/home/app/src/data/shot-type-dataset/trailer_v2/tt2177843/shot_0011.mp4,Push,tt2177843,0011
/home/app/src/data/shot-type-dataset/trailer_v2/tt2177843/shot_0012.mp4,Push,tt2177843,0012
/home/app/src/data/shot-type-dataset/trailer_v2/tt2177843/shot_0021.mp4,Push,tt2177843,0021
/home/app/src/data/shot-type-dataset/trailer_v2/tt3063462/shot_0029.mp4,Push,tt3063462,0029
/home/app/src/data/shot-type-dataset/trailer_v2/tt0351459/shot_0032.mp4,Push,tt0351459,0032
/home/app/src/data/shot-type-dataset/trailer_v2/tt4255628/shot_0013.mp4,Push,tt4255628,0013
/home/app/src/data/shot-type-dataset/trailer_v2/tt1298649/shot_0006.mp4,Push,tt1298649,0006
/home/app/src/data/shot-type-dataset/trailer_v2/tt1156398/shot_0004.mp4,Push,tt1156398,0004
/home/app/src/data/shot-type-dataset/trailer_v2/tt1711525/shot_0040.mp4,Push,tt1711525,0040
/home/app/src/data/shot-type-dataset/trailer_v2/tt2378000/shot_0002.mp4,Push,tt2378000,0002
/home/app/src/data/shot-type-dataset/trailer_v2/tt3711684/shot_0011.mp4,Push,tt3711684,0011
/home/app/src/data/shot-type-dataset/trailer_v2/tt5229082/shot_0004.mp4,Push,tt5229082,0004
/home/app/src/data/shot-type-dataset/trailer_v2/tt1430811/shot_0012.mp4,Push,tt1430811,0012
/home/app/src/data/shot-type-dataset/trailer_v2/tt2088871/shot_0002.mp4,Push,tt2088871,0002
/home/app/src/data/shot-type-dataset/trailer_v2/tt1331025/shot_0082.mp4,Push,tt1331025,0082
/home/app/src/data/shot-type-dataset/trailer_v2/tt5760590/shot_0036.mp4,Push,tt5760590,0036
/home/app/src/data/shot-type-dataset/trailer_v2/tt5075328/shot_0017.mp4,Push,tt5075328,0017
/home/app/src/data/shot-type-dataset/trailer_v2/tt1865403/shot_0040.mp4,Push,tt1865403,0040
/home/app/src/data/shot-type-dataset/trailer_v2/tt2315806/shot_0009.mp4,Push,tt2315806,0009
/home/app/src/data/shot-type-dataset/trailer_v2/tt4292318/shot_0011.mp4,Push,tt4292318,0011
/home/app/src/data/shot-type-dataset/trailer_v2/tt1612793/shot_0034.mp4,Push,tt1612793,0034
/home/app/src/data/shot-type-dataset/trailer_v2/tt1509276/shot_0012.mp4,Push,tt1509276,0012
/home/app/src/data/shot-type-dataset/trailer_v2/tt2788556/shot_0009.mp4,Push,tt2788556,0009
/home/app/src/data/shot-type-dataset/trailer_v2/tt1787660/shot_0068.mp4,Push,tt1787660,0068
/home/app/src/data/shot-type-dataset/trailer_v2/tt5124096/shot_0097.mp4,Push,tt5124096,0097
/home/app/src/data/shot-type-dataset/trailer_v2/tt3953260/shot_0031.mp4,Push,tt3953260,0031
/home/app/src/data/shot-type-dataset/trailer_v2/tt0376873/shot_0034.mp4,Push,tt0376873,0034
/home/app/src/data/shot-type-dataset/trailer_v2/tt1744662/shot_0020.mp4,Push,tt1744662,0020
/home/app/src/data/shot-type-dataset/trailer_v2/tt3993760/shot_0006.mp4,Push,tt3993760,0006
/home/app/src/data/shot-type-dataset/trailer_v2/tt2342047/shot_0010.mp4,Push,tt2342047,0010
/home/app/src/data/shot-type-dataset/trailer_v2/tt1897949/shot_0003.mp4,Push,tt1897949,0003
/home/app/src/data/shot-type-dataset/trailer_v2/tt2231854/shot_0014.mp4,Push,tt2231854,0014
/home/app/src/data/shot-type-dataset/trailer_v2/tt2077904/shot_0066.mp4,Push,tt2077904,0066
